# 국회의원 본회의 출결현황 (국회사무처), 제427회국회(임시회) 본회의 출결현황
# source: https://open.assembly.go.kr/portal/data/service/selectServicePage.do/O4Q5B50011905O18367
# file: fileSeq=10001749 posted 2025-08-07
# fetched: 2026-09-28
# generated by scripts/fetch_attendance.ts; do not edit by hand
mona_cd,member_name,meeting_date,meeting_label,status
T2T8225E,강경숙,2025-07-10,제427회 제1차,출석
L2I9861C,강대식,2025-07-10,제427회 제1차,출석
8P37634C,강득구,2025-07-10,제427회 제1차,출석
9901388T,강명구,2025-07-10,제427회 제1차,출석
GX22581L,강민국,2025-07-10,제427회 제1차,청가
NQO7187X,강선영,2025-07-10,제427회 제1차,출석
MNZ4401T,강선우,2025-07-10,제427회 제1차,청가
42K7317Y,강승규,2025-07-10,제427회 제1차,청가
5KV96424,강준현,2025-07-10,제427회 제1차,청가
HS39431V,고동진,2025-07-10,제427회 제1차,출석
WCD5518S,고민정,2025-07-10,제427회 제1차,출석
REG96285,곽규택,2025-07-10,제427회 제1차,출석
FIE6569O,곽상언,2025-07-10,제427회 제1차,출석
7469929V,구자근,2025-07-10,제427회 제1차,출석
GDG1847Z,권성동,2025-07-10,제427회 제1차,출석
LG63087O,권영세,2025-07-10,제427회 제1차,출석
LYY5513O,권영진,2025-07-10,제427회 제1차,출석
C7E79345,권칠승,2025-07-10,제427회 제1차,출석
EFU76868,권향엽,2025-07-10,제427회 제1차,출석
TQP7167T,김건,2025-07-10,제427회 제1차,출석
X1K3667J,김교흥,2025-07-10,제427회 제1차,출석
HE08888N,김기웅,2025-07-10,제427회 제1차,청가
3CC88975,김기표,2025-07-10,제427회 제1차,출석
X7I4680R,김기현,2025-07-10,제427회 제1차,출장
IUX1829H,김남근,2025-07-10,제427회 제1차,출석
NXB3178C,김남희,2025-07-10,제427회 제1차,출석
ANS8383S,김대식,2025-07-10,제427회 제1차,출석
LH97552Q,김도읍,2025-07-10,제427회 제1차,출석
MIS62075,김동아,2025-07-10,제427회 제1차,출석
86R9476S,김문수,2025-07-10,제427회 제1차,출석
3BC6890E,김미애,2025-07-10,제427회 제1차,출석
MLH1404S,김민석,2025-07-10,제427회 제1차,청가
TCP9838Y,김민전,2025-07-10,제427회 제1차,출석
8Q88373R,김병기,2025-07-10,제427회 제1차,출석
GF286398,김병주,2025-07-10,제427회 제1차,출석
VDN5593C,김상욱,2025-07-10,제427회 제1차,출석
1Y73132H,김상훈,2025-07-10,제427회 제1차,출석
ZYP7962W,김석기,2025-07-10,제427회 제1차,결석
JNL7001A,김선교,2025-07-10,제427회 제1차,출석
7GW5372Y,김선민,2025-07-10,제427회 제1차,출석
9D939735,김성원,2025-07-10,제427회 제1차,출석
XSP20229,김성환,2025-07-10,제427회 제1차,출석
88O1334C,김성회,2025-07-10,제427회 제1차,출석
1SR94244,김소희,2025-07-10,제427회 제1차,결석
5K93695T,김승수,2025-07-10,제427회 제1차,출석
ATB59635,김승원,2025-07-10,제427회 제1차,출석
B7D7534L,김영배,2025-07-10,제427회 제1차,출석
5765663F,김영진,2025-07-10,제427회 제1차,출석
7BM2933Y,김영호,2025-07-10,제427회 제1차,출석
8O34202I,김영환,2025-07-10,제427회 제1차,출석
CNZ51556,김예지,2025-07-10,제427회 제1차,출석
NB64509Z,김용만,2025-07-10,제427회 제1차,출석
OFE45081,김용민,2025-07-10,제427회 제1차,출석
EPI69383,김용태,2025-07-10,제427회 제1차,출석
3UI95829,김우영,2025-07-10,제427회 제1차,출석
4L695580,김원이,2025-07-10,제427회 제1차,청가
LCZ1711I,김위상,2025-07-10,제427회 제1차,결석
5N65159P,김윤,2025-07-10,제427회 제1차,출석
JZY9937U,김윤덕,2025-07-10,제427회 제1차,출석
L5P27909,김은혜,2025-07-10,제427회 제1차,출석
X7E7893P,김장겸,2025-07-10,제427회 제1차,출석
57B28032,김재섭,2025-07-10,제427회 제1차,청가
DMP1439I,김재원,2025-07-10,제427회 제1차,출장
E1J8836Y,김정재,2025-07-10,제427회 제1차,출석
9LD2641Q,김정호,2025-07-10,제427회 제1차,출장
M2Q9024I,김종민,2025-07-10,제427회 제1차,출석
N378078V,김종양,2025-07-10,제427회 제1차,출석
D6U6678O,김주영,2025-07-10,제427회 제1차,출석
YM42715P,김준혁,2025-07-10,제427회 제1차,출석
8A05621B,김준형,2025-07-10,제427회 제1차,출석
1WE5693J,김태년,2025-07-10,제427회 제1차,출석
6WK3815W,김태선,2025-07-10,제427회 제1차,청가
P0F1530P,김태호,2025-07-10,제427회 제1차,출석
NUB4941Z,김한규,2025-07-10,제427회 제1차,출석
7YL9580G,김현,2025-07-10,제427회 제1차,출석
6VC83722,김현정,2025-07-10,제427회 제1차,출석
JEZ3130Q,김형동,2025-07-10,제427회 제1차,결석
HRG9655C,김희정,2025-07-10,제427회 제1차,출석
SLW27496,나경원,2025-07-10,제427회 제1차,출석
04T3751T,남인순,2025-07-10,제427회 제1차,출석
RUZ25800,노종면,2025-07-10,제427회 제1차,출석
FJK3396E,맹성규,2025-07-10,제427회 제1차,출석
J1G57517,모경종,2025-07-10,제427회 제1차,출석
GRP3908I,문금주,2025-07-10,제427회 제1차,출석
D9I3309M,문대림,2025-07-10,제427회 제1차,출석
GOC54665,문정복,2025-07-10,제427회 제1차,출석
4U29186R,문진석,2025-07-10,제427회 제1차,출석
TZ228122,민병덕,2025-07-10,제427회 제1차,청가
VRY5522V,민형배,2025-07-10,제427회 제1차,출석
O6D8329R,민홍철,2025-07-10,제427회 제1차,출석
IWR8966I,박균택,2025-07-10,제427회 제1차,출석
W4X85128,박대출,2025-07-10,제427회 제1차,출석
N4R2421C,박덕흠,2025-07-10,제427회 제1차,출석
M4O5221T,박민규,2025-07-10,제427회 제1차,결석
7R156073,박범계,2025-07-10,제427회 제1차,출석
VA04150X,박상웅,2025-07-10,제427회 제1차,출석
HXT76735,박상혁,2025-07-10,제427회 제1차,출석
VZA76236,박선원,2025-07-10,제427회 제1차,출석
X3170462,박성민,2025-07-10,제427회 제1차,결석
IL74008M,박성준,2025-07-10,제427회 제1차,출석
NX534083,박성훈,2025-07-10,제427회 제1차,출석
Y0X4618N,박수민,2025-07-10,제427회 제1차,출석
FU87526G,박수영,2025-07-10,제427회 제1차,출석
5TQ6306B,박수현,2025-07-10,제427회 제1차,출석
1JI2689F,박용갑,2025-07-10,제427회 제1차,출석
1A82234K,박은정,2025-07-10,제427회 제1차,출석
4019850M,박정,2025-07-10,제427회 제1차,출석
6RD62559,박정하,2025-07-10,제427회 제1차,출석
HVV5250J,박정현,2025-07-10,제427회 제1차,출석
AEJ19639,박정훈,2025-07-10,제427회 제1차,출석
6AU2417B,박주민,2025-07-10,제427회 제1차,출석
G6W8250J,박준태,2025-07-10,제427회 제1차,출석
8BF5855P,박지원,2025-07-10,제427회 제1차,출석
EMH4976E,박지혜,2025-07-10,제427회 제1차,청가
BT62420K,박찬대,2025-07-10,제427회 제1차,출석
GP21946O,박충권,2025-07-10,제427회 제1차,출석
E2B3753X,박해철,2025-07-10,제427회 제1차,출석
6U243644,박형수,2025-07-10,제427회 제1차,청가
S824682L,박홍근,2025-07-10,제427회 제1차,출석
ZW43496R,박홍배,2025-07-10,제427회 제1차,출석
43Q3892U,박희승,2025-07-10,제427회 제1차,출석
QQP4727N,배준영,2025-07-10,제427회 제1차,출석
4X525582,배현진,2025-07-10,제427회 제1차,청가
YN160848,백선희,2025-07-10,제427회 제1차,출석
MDC3257K,백승아,2025-07-10,제427회 제1차,출석
CAA7713A,백종헌,2025-07-10,제427회 제1차,출석
HSS7466Y,백혜련,2025-07-10,제427회 제1차,출석
GJ56729D,복기왕,2025-07-10,제427회 제1차,출석
6I88973D,부승찬,2025-07-10,제427회 제1차,출석
QQ429063,서명옥,2025-07-10,제427회 제1차,출석
51A45980,서미화,2025-07-10,제427회 제1차,출석
L7J93733,서범수,2025-07-10,제427회 제1차,청가
FOK3459D,서삼석,2025-07-10,제427회 제1차,출석
TKJ4800F,서영교,2025-07-10,제427회 제1차,출석
XR24352K,서영석,2025-07-10,제427회 제1차,출석
80C5885Z,서왕진,2025-07-10,제427회 제1차,청가
MR210505,서일준,2025-07-10,제427회 제1차,출석
P7U7800Z,서지영,2025-07-10,제427회 제1차,출석
JP222486,서천호,2025-07-10,제427회 제1차,청가
7XY7109I,성일종,2025-07-10,제427회 제1차,출석
ZDR63255,소병훈,2025-07-10,제427회 제1차,출석
JSA8739I,손명수,2025-07-10,제427회 제1차,청가
2KM3589W,손솔,2025-07-10,제427회 제1차,출석
SQ36001H,송기헌,2025-07-10,제427회 제1차,출석
CNW5754J,송석준,2025-07-10,제427회 제1차,출석
6EN68926,송언석,2025-07-10,제427회 제1차,출석
3249208I,송옥주,2025-07-10,제427회 제1차,출석
RG972910,송재봉,2025-07-10,제427회 제1차,출석
OWD1018N,신동욱,2025-07-10,제427회 제1차,출석
RMC1840P,신성범,2025-07-10,제427회 제1차,출석
AFH96856,신영대,2025-07-10,제427회 제1차,출석
NPD75153,신장식,2025-07-10,제427회 제1차,출석
M7O7878U,신정훈,2025-07-10,제427회 제1차,출석
TST4507I,안규백,2025-07-10,제427회 제1차,청가
EB16073M,안도걸,2025-07-10,제427회 제1차,청가
PYA8594I,안상훈,2025-07-10,제427회 제1차,출석
YOG1280B,안철수,2025-07-10,제427회 제1차,청가
W8L9421K,안태준,2025-07-10,제427회 제1차,출석
XEF29171,안호영,2025-07-10,제427회 제1차,청가
3OQ8273H,양문석,2025-07-10,제427회 제1차,출석
CK143054,양부남,2025-07-10,제427회 제1차,출석
8FB1535Y,어기구,2025-07-10,제427회 제1차,출석
8348421R,엄태영,2025-07-10,제427회 제1차,출석
URX8075K,염태영,2025-07-10,제427회 제1차,출석
OIA3741M,오기형,2025-07-10,제427회 제1차,출석
BRU2690F,오세희,2025-07-10,제427회 제1차,출석
GE71932C,용혜인,2025-07-10,제427회 제1차,출석
XBT9550Q,우원식,2025-07-10,제427회 제1차,출석
8UC4779G,우재준,2025-07-10,제427회 제1차,출석
RQQ3807K,위성곤,2025-07-10,제427회 제1차,출석
GX38539O,유동수,2025-07-10,제427회 제1차,출장
MU69217P,유상범,2025-07-10,제427회 제1차,출석
JZV5283U,유영하,2025-07-10,제427회 제1차,출장
KBK8836C,유용원,2025-07-10,제427회 제1차,청가
GP07421U,윤건영,2025-07-10,제427회 제1차,출석
MSY7784L,윤상현,2025-07-10,제427회 제1차,청가
9VR65006,윤영석,2025-07-10,제427회 제1차,출석
ZRF3039U,윤재옥,2025-07-10,제427회 제1차,출석
MQK9493H,윤종군,2025-07-10,제427회 제1차,출석
3TP65086,윤종오,2025-07-10,제427회 제1차,출석
JC14718Q,윤준병,2025-07-10,제427회 제1차,출석
8X15119P,윤한홍,2025-07-10,제427회 제1차,출석
M0A1658U,윤호중,2025-07-10,제427회 제1차,출석
O7R5461J,윤후덕,2025-07-10,제427회 제1차,출석
AEO5706C,이강일,2025-07-10,제427회 제1차,출석
I7R13867,이개호,2025-07-10,제427회 제1차,출석
7YC6702R,이건태,2025-07-10,제427회 제1차,출석
95J3282H,이광희,2025-07-10,제427회 제1차,출석
W3U3344O,이기헌,2025-07-10,제427회 제1차,출석
ROS6754L,이달희,2025-07-10,제427회 제1차,출석
OSV9142K,이만희,2025-07-10,제427회 제1차,출장
HFV52269,이병진,2025-07-10,제427회 제1차,출장
W8W95421,이상식,2025-07-10,제427회 제1차,출석
8L52480G,이상휘,2025-07-10,제427회 제1차,출석
WXJ8352N,이성권,2025-07-10,제427회 제1차,결석
N2P9317N,이성윤,2025-07-10,제427회 제1차,출석
WTR5885Y,이소영,2025-07-10,제427회 제1차,출석
0R68099X,이수진,2025-07-10,제427회 제1차,출석
S9U45255,이양수,2025-07-10,제427회 제1차,출석
JG77046J,이언주,2025-07-10,제427회 제1차,출석
EBH1101V,이연희,2025-07-10,제427회 제1차,출석
9JF4562W,이용선,2025-07-10,제427회 제1차,출석
6K79158C,이용우,2025-07-10,제427회 제1차,출석
DAV7257X,이원택,2025-07-10,제427회 제1차,출석
DWK26447,이인선,2025-07-10,제427회 제1차,출석
3ZR4438W,이인영,2025-07-10,제427회 제1차,출석
3LP22204,이재강,2025-07-10,제427회 제1차,출석
RKS3658I,이재관,2025-07-10,제427회 제1차,출석
UQ282145,이재정,2025-07-10,제427회 제1차,출석
O0I2045I,이정문,2025-07-10,제427회 제1차,출석
5762459L,이정헌,2025-07-10,제427회 제1차,출석
HSW1214Q,이종배,2025-07-10,제427회 제1차,출석
NLS46526,이종욱,2025-07-10,제427회 제1차,출석
WI719547,이주영,2025-07-10,제427회 제1차,출석
QWL7778X,이준석,2025-07-10,제427회 제1차,출석
TZP9391O,이철규,2025-07-10,제427회 제1차,청가
V2R7430Z,이춘석,2025-07-10,제427회 제1차,출석
K5F2023J,이학영,2025-07-10,제427회 제1차,출장
0698755I,이해민,2025-07-10,제427회 제1차,출장
CCU1009B,이해식,2025-07-10,제427회 제1차,출석
EVH1507C,이헌승,2025-07-10,제427회 제1차,출장
2S73768V,이훈기,2025-07-10,제427회 제1차,출석
B7789327,인요한,2025-07-10,제427회 제1차,결석
X639721U,임미애,2025-07-10,제427회 제1차,출석
4T026790,임오경,2025-07-10,제427회 제1차,출석
EH27538E,임이자,2025-07-10,제427회 제1차,출석
RAJ1024Z,임종득,2025-07-10,제427회 제1차,출석
FH777496,임호선,2025-07-10,제427회 제1차,출석
RPN2293B,장경태,2025-07-10,제427회 제1차,출석
KFM1081G,장동혁,2025-07-10,제427회 제1차,결석
CIZ8557P,장종태,2025-07-10,제427회 제1차,출석
2NV6751W,장철민,2025-07-10,제427회 제1차,출석
TJW93720,전용기,2025-07-10,제427회 제1차,출석
9YO73104,전재수,2025-07-10,제427회 제1차,출석
P8A4624C,전종덕,2025-07-10,제427회 제1차,청가
QUR40502,전진숙,2025-07-10,제427회 제1차,출석
25G2571T,전현희,2025-07-10,제427회 제1차,출석
DAY6557K,정동만,2025-07-10,제427회 제1차,결석
ARP89147,정동영,2025-07-10,제427회 제1차,청가
CGW7415Z,정성국,2025-07-10,제427회 제1차,출석
V429892C,정성호,2025-07-10,제427회 제1차,출석
8XE7026P,정연욱,2025-07-10,제427회 제1차,출석
NA61091D,정을호,2025-07-10,제427회 제1차,출석
LT72093S,정일영,2025-07-10,제427회 제1차,출장
LJK4960Z,정점식,2025-07-10,제427회 제1차,출석
IC499858,정준호,2025-07-10,제427회 제1차,출석
9HE7226N,정진욱,2025-07-10,제427회 제1차,출석
2385336L,정청래,2025-07-10,제427회 제1차,출석
XG348314,정춘생,2025-07-10,제427회 제1차,출석
UHB5553T,정태호,2025-07-10,제427회 제1차,출석
BNV6535N,정혜경,2025-07-10,제427회 제1차,출석
PFG2137X,정희용,2025-07-10,제427회 제1차,출석
5KV82250,조경태,2025-07-10,제427회 제1차,출석
8TU8443O,조계원,2025-07-10,제427회 제1차,출석
IWK63872,조배숙,2025-07-10,제427회 제1차,출석
FYI20317,조승래,2025-07-10,제427회 제1차,출석
ME83002L,조승환,2025-07-10,제427회 제1차,출석
MQU41854,조은희,2025-07-10,제427회 제1차,출석
ZKB18611,조인철,2025-07-10,제427회 제1차,출석
IN328264,조정식,2025-07-10,제427회 제1차,출석
WJL30106,조정훈,2025-07-10,제427회 제1차,출석
3NI5978A,조지연,2025-07-10,제427회 제1차,출석
GJK57930,주진우,2025-07-10,제427회 제1차,출석
T465023H,주철현,2025-07-10,제427회 제1차,출석
8SV6917G,주호영,2025-07-10,제427회 제1차,출석
68P7228G,진선미,2025-07-10,제427회 제1차,출석
3C23171A,진성준,2025-07-10,제427회 제1차,출석
QDU1100U,진종오,2025-07-10,제427회 제1차,출석
KNP22261,차규근,2025-07-10,제427회 제1차,출석
RC885085,차지호,2025-07-10,제427회 제1차,출석
1S05899F,채현일,2025-07-10,제427회 제1차,출석
A494529E,천준호,2025-07-10,제427회 제1차,출석
YGB8604T,천하람,2025-07-10,제427회 제1차,출석
I5I2468R,최기상,2025-07-10,제427회 제1차,청가
YS38221N,최민희,2025-07-10,제427회 제1차,출석
UOS16250,최보윤,2025-07-10,제427회 제1차,출석
WJG74792,최수진,2025-07-10,제427회 제1차,출석
UF53617M,최은석,2025-07-10,제427회 제1차,청가
CC78321E,최혁진,2025-07-10,제427회 제1차,출석
A0P4646G,최형두,2025-07-10,제427회 제1차,출석
G152611B,추경호,2025-07-10,제427회 제1차,출석
URV1689Q,추미애,2025-07-10,제427회 제1차,출석
JQA21112,한기호,2025-07-10,제427회 제1차,출석
8JG4358H,한민수,2025-07-10,제427회 제1차,출석
H5476989,한병도,2025-07-10,제427회 제1차,출석
XPP2564T,한정애,2025-07-10,제427회 제1차,출장
BCQ55105,한준호,2025-07-10,제427회 제1차,출석
Q918403D,한지아,2025-07-10,제427회 제1차,출석
T4I4862D,한창민,2025-07-10,제427회 제1차,출석
HHB5652A,허성무,2025-07-10,제427회 제1차,출석
FU53642G,허영,2025-07-10,제427회 제1차,출석
VCP96419,허종식,2025-07-10,제427회 제1차,출석
5MD4184K,홍기원,2025-07-10,제427회 제1차,청가
RJH6314D,황명선,2025-07-10,제427회 제1차,출석
0YT3774N,황운하,2025-07-10,제427회 제1차,출석
T6A6557F,황정아,2025-07-10,제427회 제1차,출석
0VU8517U,황희,2025-07-10,제427회 제1차,결석
T2T8225E,강경숙,2025-07-23,제427회 제2차,출석
L2I9861C,강대식,2025-07-23,제427회 제2차,출석
8P37634C,강득구,2025-07-23,제427회 제2차,출석
9901388T,강명구,2025-07-23,제427회 제2차,출석
GX22581L,강민국,2025-07-23,제427회 제2차,출석
NQO7187X,강선영,2025-07-23,제427회 제2차,출석
MNZ4401T,강선우,2025-07-23,제427회 제2차,청가
42K7317Y,강승규,2025-07-23,제427회 제2차,출석
5KV96424,강준현,2025-07-23,제427회 제2차,출석
HS39431V,고동진,2025-07-23,제427회 제2차,출석
WCD5518S,고민정,2025-07-23,제427회 제2차,출석
REG96285,곽규택,2025-07-23,제427회 제2차,출석
FIE6569O,곽상언,2025-07-23,제427회 제2차,출석
7469929V,구자근,2025-07-23,제427회 제2차,출석
GDG1847Z,권성동,2025-07-23,제427회 제2차,출석
LG63087O,권영세,2025-07-23,제427회 제2차,출석
LYY5513O,권영진,2025-07-23,제427회 제2차,출석
C7E79345,권칠승,2025-07-23,제427회 제2차,출석
EFU76868,권향엽,2025-07-23,제427회 제2차,출석
TQP7167T,김건,2025-07-23,제427회 제2차,출석
X1K3667J,김교흥,2025-07-23,제427회 제2차,출석
HE08888N,김기웅,2025-07-23,제427회 제2차,결석
3CC88975,김기표,2025-07-23,제427회 제2차,출석
X7I4680R,김기현,2025-07-23,제427회 제2차,출석
IUX1829H,김남근,2025-07-23,제427회 제2차,출석
NXB3178C,김남희,2025-07-23,제427회 제2차,출장
ANS8383S,김대식,2025-07-23,제427회 제2차,출석
LH97552Q,김도읍,2025-07-23,제427회 제2차,출석
MIS62075,김동아,2025-07-23,제427회 제2차,출석
86R9476S,김문수,2025-07-23,제427회 제2차,출석
3BC6890E,김미애,2025-07-23,제427회 제2차,출석
MLH1404S,김민석,2025-07-23,제427회 제2차,출석
TCP9838Y,김민전,2025-07-23,제427회 제2차,출석
8Q88373R,김병기,2025-07-23,제427회 제2차,출석
GF286398,김병주,2025-07-23,제427회 제2차,청가
VDN5593C,김상욱,2025-07-23,제427회 제2차,출석
1Y73132H,김상훈,2025-07-23,제427회 제2차,출석
ZYP7962W,김석기,2025-07-23,제427회 제2차,출석
JNL7001A,김선교,2025-07-23,제427회 제2차,출석
7GW5372Y,김선민,2025-07-23,제427회 제2차,출석
9D939735,김성원,2025-07-23,제427회 제2차,출석
XSP20229,김성환,2025-07-23,제427회 제2차,출석
88O1334C,김성회,2025-07-23,제427회 제2차,출석
1SR94244,김소희,2025-07-23,제427회 제2차,출석
5K93695T,김승수,2025-07-23,제427회 제2차,출석
ATB59635,김승원,2025-07-23,제427회 제2차,출석
B7D7534L,김영배,2025-07-23,제427회 제2차,출장
5765663F,김영진,2025-07-23,제427회 제2차,출석
7BM2933Y,김영호,2025-07-23,제427회 제2차,출석
8O34202I,김영환,2025-07-23,제427회 제2차,출석
CNZ51556,김예지,2025-07-23,제427회 제2차,출석
NB64509Z,김용만,2025-07-23,제427회 제2차,출석
OFE45081,김용민,2025-07-23,제427회 제2차,출석
EPI69383,김용태,2025-07-23,제427회 제2차,출석
3UI95829,김우영,2025-07-23,제427회 제2차,출석
4L695580,김원이,2025-07-23,제427회 제2차,출석
LCZ1711I,김위상,2025-07-23,제427회 제2차,출석
5N65159P,김윤,2025-07-23,제427회 제2차,출석
JZY9937U,김윤덕,2025-07-23,제427회 제2차,출석
L5P27909,김은혜,2025-07-23,제427회 제2차,출석
X7E7893P,김장겸,2025-07-23,제427회 제2차,출석
57B28032,김재섭,2025-07-23,제427회 제2차,출석
DMP1439I,김재원,2025-07-23,제427회 제2차,출석
E1J8836Y,김정재,2025-07-23,제427회 제2차,출석
9LD2641Q,김정호,2025-07-23,제427회 제2차,출석
M2Q9024I,김종민,2025-07-23,제427회 제2차,출석
N378078V,김종양,2025-07-23,제427회 제2차,출석
D6U6678O,김주영,2025-07-23,제427회 제2차,청가
YM42715P,김준혁,2025-07-23,제427회 제2차,출석
8A05621B,김준형,2025-07-23,제427회 제2차,출석
1WE5693J,김태년,2025-07-23,제427회 제2차,출석
6WK3815W,김태선,2025-07-23,제427회 제2차,출석
P0F1530P,김태호,2025-07-23,제427회 제2차,출석
NUB4941Z,김한규,2025-07-23,제427회 제2차,출석
7YL9580G,김현,2025-07-23,제427회 제2차,출석
6VC83722,김현정,2025-07-23,제427회 제2차,출석
JEZ3130Q,김형동,2025-07-23,제427회 제2차,출석
HRG9655C,김희정,2025-07-23,제427회 제2차,출석
SLW27496,나경원,2025-07-23,제427회 제2차,출장
04T3751T,남인순,2025-07-23,제427회 제2차,결석
RUZ25800,노종면,2025-07-23,제427회 제2차,출석
FJK3396E,맹성규,2025-07-23,제427회 제2차,청가
J1G57517,모경종,2025-07-23,제427회 제2차,출석
GRP3908I,문금주,2025-07-23,제427회 제2차,출석
D9I3309M,문대림,2025-07-23,제427회 제2차,출석
GOC54665,문정복,2025-07-23,제427회 제2차,출석
4U29186R,문진석,2025-07-23,제427회 제2차,출석
TZ228122,민병덕,2025-07-23,제427회 제2차,출석
VRY5522V,민형배,2025-07-23,제427회 제2차,출석
O6D8329R,민홍철,2025-07-23,제427회 제2차,출석
IWR8966I,박균택,2025-07-23,제427회 제2차,출석
W4X85128,박대출,2025-07-23,제427회 제2차,출석
N4R2421C,박덕흠,2025-07-23,제427회 제2차,출석
M4O5221T,박민규,2025-07-23,제427회 제2차,출석
7R156073,박범계,2025-07-23,제427회 제2차,출석
VA04150X,박상웅,2025-07-23,제427회 제2차,청가
HXT76735,박상혁,2025-07-23,제427회 제2차,출석
VZA76236,박선원,2025-07-23,제427회 제2차,출석
X3170462,박성민,2025-07-23,제427회 제2차,출석
IL74008M,박성준,2025-07-23,제427회 제2차,출석
NX534083,박성훈,2025-07-23,제427회 제2차,출석
Y0X4618N,박수민,2025-07-23,제427회 제2차,출석
FU87526G,박수영,2025-07-23,제427회 제2차,출석
5TQ6306B,박수현,2025-07-23,제427회 제2차,출석
1JI2689F,박용갑,2025-07-23,제427회 제2차,출석
1A82234K,박은정,2025-07-23,제427회 제2차,출석
4019850M,박정,2025-07-23,제427회 제2차,출석
6RD62559,박정하,2025-07-23,제427회 제2차,출석
HVV5250J,박정현,2025-07-23,제427회 제2차,출석
AEJ19639,박정훈,2025-07-23,제427회 제2차,출석
6AU2417B,박주민,2025-07-23,제427회 제2차,출석
G6W8250J,박준태,2025-07-23,제427회 제2차,출석
8BF5855P,박지원,2025-07-23,제427회 제2차,출석
EMH4976E,박지혜,2025-07-23,제427회 제2차,출석
BT62420K,박찬대,2025-07-23,제427회 제2차,출석
GP21946O,박충권,2025-07-23,제427회 제2차,출석
E2B3753X,박해철,2025-07-23,제427회 제2차,출석
6U243644,박형수,2025-07-23,제427회 제2차,출석
S824682L,박홍근,2025-07-23,제427회 제2차,출석
ZW43496R,박홍배,2025-07-23,제427회 제2차,출석
43Q3892U,박희승,2025-07-23,제427회 제2차,출석
QQP4727N,배준영,2025-07-23,제427회 제2차,출석
4X525582,배현진,2025-07-23,제427회 제2차,출석
YN160848,백선희,2025-07-23,제427회 제2차,출석
MDC3257K,백승아,2025-07-23,제427회 제2차,출석
CAA7713A,백종헌,2025-07-23,제427회 제2차,출석
HSS7466Y,백혜련,2025-07-23,제427회 제2차,출석
GJ56729D,복기왕,2025-07-23,제427회 제2차,출석
6I88973D,부승찬,2025-07-23,제427회 제2차,출석
QQ429063,서명옥,2025-07-23,제427회 제2차,출석
51A45980,서미화,2025-07-23,제427회 제2차,출석
L7J93733,서범수,2025-07-23,제427회 제2차,출석
FOK3459D,서삼석,2025-07-23,제427회 제2차,출석
TKJ4800F,서영교,2025-07-23,제427회 제2차,출장
XR24352K,서영석,2025-07-23,제427회 제2차,출석
80C5885Z,서왕진,2025-07-23,제427회 제2차,출석
MR210505,서일준,2025-07-23,제427회 제2차,출석
P7U7800Z,서지영,2025-07-23,제427회 제2차,출석
JP222486,서천호,2025-07-23,제427회 제2차,출석
7XY7109I,성일종,2025-07-23,제427회 제2차,청가
ZDR63255,소병훈,2025-07-23,제427회 제2차,출장
JSA8739I,손명수,2025-07-23,제427회 제2차,출석
2KM3589W,손솔,2025-07-23,제427회 제2차,출석
SQ36001H,송기헌,2025-07-23,제427회 제2차,출석
CNW5754J,송석준,2025-07-23,제427회 제2차,출장
6EN68926,송언석,2025-07-23,제427회 제2차,출석
3249208I,송옥주,2025-07-23,제427회 제2차,출석
RG972910,송재봉,2025-07-23,제427회 제2차,출석
OWD1018N,신동욱,2025-07-23,제427회 제2차,출석
RMC1840P,신성범,2025-07-23,제427회 제2차,출석
AFH96856,신영대,2025-07-23,제427회 제2차,출석
NPD75153,신장식,2025-07-23,제427회 제2차,출석
M7O7878U,신정훈,2025-07-23,제427회 제2차,출석
TST4507I,안규백,2025-07-23,제427회 제2차,청가
EB16073M,안도걸,2025-07-23,제427회 제2차,출석
PYA8594I,안상훈,2025-07-23,제427회 제2차,출석
YOG1280B,안철수,2025-07-23,제427회 제2차,청가
W8L9421K,안태준,2025-07-23,제427회 제2차,출석
XEF29171,안호영,2025-07-23,제427회 제2차,출석
3OQ8273H,양문석,2025-07-23,제427회 제2차,출석
CK143054,양부남,2025-07-23,제427회 제2차,출석
8FB1535Y,어기구,2025-07-23,제427회 제2차,출석
8348421R,엄태영,2025-07-23,제427회 제2차,출석
URX8075K,염태영,2025-07-23,제427회 제2차,출석
OIA3741M,오기형,2025-07-23,제427회 제2차,출석
BRU2690F,오세희,2025-07-23,제427회 제2차,출석
GE71932C,용혜인,2025-07-23,제427회 제2차,청가
XBT9550Q,우원식,2025-07-23,제427회 제2차,출석
8UC4779G,우재준,2025-07-23,제427회 제2차,출석
RQQ3807K,위성곤,2025-07-23,제427회 제2차,출석
GX38539O,유동수,2025-07-23,제427회 제2차,출석
MU69217P,유상범,2025-07-23,제427회 제2차,출석
JZV5283U,유영하,2025-07-23,제427회 제2차,출석
KBK8836C,유용원,2025-07-23,제427회 제2차,출석
GP07421U,윤건영,2025-07-23,제427회 제2차,청가
MSY7784L,윤상현,2025-07-23,제427회 제2차,출석
9VR65006,윤영석,2025-07-23,제427회 제2차,출석
ZRF3039U,윤재옥,2025-07-23,제427회 제2차,출석
MQK9493H,윤종군,2025-07-23,제427회 제2차,출석
3TP65086,윤종오,2025-07-23,제427회 제2차,출석
JC14718Q,윤준병,2025-07-23,제427회 제2차,출석
8X15119P,윤한홍,2025-07-23,제427회 제2차,출석
M0A1658U,윤호중,2025-07-23,제427회 제2차,출석
O7R5461J,윤후덕,2025-07-23,제427회 제2차,출석
AEO5706C,이강일,2025-07-23,제427회 제2차,출석
I7R13867,이개호,2025-07-23,제427회 제2차,출석
7YC6702R,이건태,2025-07-23,제427회 제2차,출석
95J3282H,이광희,2025-07-23,제427회 제2차,출석
W3U3344O,이기헌,2025-07-23,제427회 제2차,출석
ROS6754L,이달희,2025-07-23,제427회 제2차,출석
OSV9142K,이만희,2025-07-23,제427회 제2차,출석
HFV52269,이병진,2025-07-23,제427회 제2차,출석
W8W95421,이상식,2025-07-23,제427회 제2차,출석
8L52480G,이상휘,2025-07-23,제427회 제2차,출석
WXJ8352N,이성권,2025-07-23,제427회 제2차,출석
N2P9317N,이성윤,2025-07-23,제427회 제2차,출석
WTR5885Y,이소영,2025-07-23,제427회 제2차,출석
0R68099X,이수진,2025-07-23,제427회 제2차,출석
S9U45255,이양수,2025-07-23,제427회 제2차,출석
JG77046J,이언주,2025-07-23,제427회 제2차,출석
EBH1101V,이연희,2025-07-23,제427회 제2차,출석
9JF4562W,이용선,2025-07-23,제427회 제2차,출석
6K79158C,이용우,2025-07-23,제427회 제2차,출석
DAV7257X,이원택,2025-07-23,제427회 제2차,출석
DWK26447,이인선,2025-07-23,제427회 제2차,출석
3ZR4438W,이인영,2025-07-23,제427회 제2차,출석
3LP22204,이재강,2025-07-23,제427회 제2차,출석
RKS3658I,이재관,2025-07-23,제427회 제2차,출석
UQ282145,이재정,2025-07-23,제427회 제2차,출석
O0I2045I,이정문,2025-07-23,제427회 제2차,출석
5762459L,이정헌,2025-07-23,제427회 제2차,출장
HSW1214Q,이종배,2025-07-23,제427회 제2차,출석
NLS46526,이종욱,2025-07-23,제427회 제2차,출석
WI719547,이주영,2025-07-23,제427회 제2차,출석
QWL7778X,이준석,2025-07-23,제427회 제2차,출장
TZP9391O,이철규,2025-07-23,제427회 제2차,출석
V2R7430Z,이춘석,2025-07-23,제427회 제2차,출석
K5F2023J,이학영,2025-07-23,제427회 제2차,출석
0698755I,이해민,2025-07-23,제427회 제2차,출장
CCU1009B,이해식,2025-07-23,제427회 제2차,출석
EVH1507C,이헌승,2025-07-23,제427회 제2차,출장
2S73768V,이훈기,2025-07-23,제427회 제2차,출석
B7789327,인요한,2025-07-23,제427회 제2차,출석
X639721U,임미애,2025-07-23,제427회 제2차,출석
4T026790,임오경,2025-07-23,제427회 제2차,출석
EH27538E,임이자,2025-07-23,제427회 제2차,출석
RAJ1024Z,임종득,2025-07-23,제427회 제2차,출석
FH777496,임호선,2025-07-23,제427회 제2차,출석
RPN2293B,장경태,2025-07-23,제427회 제2차,출석
KFM1081G,장동혁,2025-07-23,제427회 제2차,출석
CIZ8557P,장종태,2025-07-23,제427회 제2차,출석
2NV6751W,장철민,2025-07-23,제427회 제2차,출석
TJW93720,전용기,2025-07-23,제427회 제2차,출석
9YO73104,전재수,2025-07-23,제427회 제2차,출석
P8A4624C,전종덕,2025-07-23,제427회 제2차,출석
QUR40502,전진숙,2025-07-23,제427회 제2차,출석
25G2571T,전현희,2025-07-23,제427회 제2차,출석
DAY6557K,정동만,2025-07-23,제427회 제2차,출석
ARP89147,정동영,2025-07-23,제427회 제2차,청가
CGW7415Z,정성국,2025-07-23,제427회 제2차,출석
V429892C,정성호,2025-07-23,제427회 제2차,출석
8XE7026P,정연욱,2025-07-23,제427회 제2차,출석
NA61091D,정을호,2025-07-23,제427회 제2차,출석
LT72093S,정일영,2025-07-23,제427회 제2차,출석
LJK4960Z,정점식,2025-07-23,제427회 제2차,출석
IC499858,정준호,2025-07-23,제427회 제2차,출석
9HE7226N,정진욱,2025-07-23,제427회 제2차,출석
2385336L,정청래,2025-07-23,제427회 제2차,출석
XG348314,정춘생,2025-07-23,제427회 제2차,출석
UHB5553T,정태호,2025-07-23,제427회 제2차,출석
BNV6535N,정혜경,2025-07-23,제427회 제2차,출석
PFG2137X,정희용,2025-07-23,제427회 제2차,출석
5KV82250,조경태,2025-07-23,제427회 제2차,출석
8TU8443O,조계원,2025-07-23,제427회 제2차,출석
IWK63872,조배숙,2025-07-23,제427회 제2차,출석
FYI20317,조승래,2025-07-23,제427회 제2차,출석
ME83002L,조승환,2025-07-23,제427회 제2차,출석
MQU41854,조은희,2025-07-23,제427회 제2차,청가
ZKB18611,조인철,2025-07-23,제427회 제2차,출석
IN328264,조정식,2025-07-23,제427회 제2차,출장
WJL30106,조정훈,2025-07-23,제427회 제2차,출장
3NI5978A,조지연,2025-07-23,제427회 제2차,출석
GJK57930,주진우,2025-07-23,제427회 제2차,출석
T465023H,주철현,2025-07-23,제427회 제2차,출석
8SV6917G,주호영,2025-07-23,제427회 제2차,출석
68P7228G,진선미,2025-07-23,제427회 제2차,출석
3C23171A,진성준,2025-07-23,제427회 제2차,출석
QDU1100U,진종오,2025-07-23,제427회 제2차,출석
KNP22261,차규근,2025-07-23,제427회 제2차,출석
RC885085,차지호,2025-07-23,제427회 제2차,청가
1S05899F,채현일,2025-07-23,제427회 제2차,출석
A494529E,천준호,2025-07-23,제427회 제2차,출석
YGB8604T,천하람,2025-07-23,제427회 제2차,출석
I5I2468R,최기상,2025-07-23,제427회 제2차,출석
YS38221N,최민희,2025-07-23,제427회 제2차,출석
UOS16250,최보윤,2025-07-23,제427회 제2차,출석
WJG74792,최수진,2025-07-23,제427회 제2차,출석
UF53617M,최은석,2025-07-23,제427회 제2차,출석
CC78321E,최혁진,2025-07-23,제427회 제2차,출석
A0P4646G,최형두,2025-07-23,제427회 제2차,출석
G152611B,추경호,2025-07-23,제427회 제2차,출석
URV1689Q,추미애,2025-07-23,제427회 제2차,출석
JQA21112,한기호,2025-07-23,제427회 제2차,출석
8JG4358H,한민수,2025-07-23,제427회 제2차,출석
H5476989,한병도,2025-07-23,제427회 제2차,출석
XPP2564T,한정애,2025-07-23,제427회 제2차,출석
BCQ55105,한준호,2025-07-23,제427회 제2차,출석
Q918403D,한지아,2025-07-23,제427회 제2차,출장
T4I4862D,한창민,2025-07-23,제427회 제2차,출석
HHB5652A,허성무,2025-07-23,제427회 제2차,출석
FU53642G,허영,2025-07-23,제427회 제2차,출석
VCP96419,허종식,2025-07-23,제427회 제2차,출석
5MD4184K,홍기원,2025-07-23,제427회 제2차,출석
RJH6314D,황명선,2025-07-23,제427회 제2차,출석
0YT3774N,황운하,2025-07-23,제427회 제2차,출석
T6A6557F,황정아,2025-07-23,제427회 제2차,출석
0VU8517U,황희,2025-07-23,제427회 제2차,출석
T2T8225E,강경숙,2025-08-04,제427회 제3차,출석
L2I9861C,강대식,2025-08-04,제427회 제3차,출석
8P37634C,강득구,2025-08-04,제427회 제3차,출석
9901388T,강명구,2025-08-04,제427회 제3차,출석
GX22581L,강민국,2025-08-04,제427회 제3차,청가
NQO7187X,강선영,2025-08-04,제427회 제3차,결석
MNZ4401T,강선우,2025-08-04,제427회 제3차,출석
42K7317Y,강승규,2025-08-04,제427회 제3차,출석
5KV96424,강준현,2025-08-04,제427회 제3차,출석
HS39431V,고동진,2025-08-04,제427회 제3차,출석
WCD5518S,고민정,2025-08-04,제427회 제3차,출석
REG96285,곽규택,2025-08-04,제427회 제3차,출석
FIE6569O,곽상언,2025-08-04,제427회 제3차,출석
7469929V,구자근,2025-08-04,제427회 제3차,출석
GDG1847Z,권성동,2025-08-04,제427회 제3차,출석
LG63087O,권영세,2025-08-04,제427회 제3차,출석
LYY5513O,권영진,2025-08-04,제427회 제3차,출석
C7E79345,권칠승,2025-08-04,제427회 제3차,출석
EFU76868,권향엽,2025-08-04,제427회 제3차,출석
TQP7167T,김건,2025-08-04,제427회 제3차,출석
X1K3667J,김교흥,2025-08-04,제427회 제3차,출석
HE08888N,김기웅,2025-08-04,제427회 제3차,출석
3CC88975,김기표,2025-08-04,제427회 제3차,출석
X7I4680R,김기현,2025-08-04,제427회 제3차,청가
IUX1829H,김남근,2025-08-04,제427회 제3차,출석
NXB3178C,김남희,2025-08-04,제427회 제3차,출석
ANS8383S,김대식,2025-08-04,제427회 제3차,출석
LH97552Q,김도읍,2025-08-04,제427회 제3차,출석
MIS62075,김동아,2025-08-04,제427회 제3차,출석
86R9476S,김문수,2025-08-04,제427회 제3차,출석
3BC6890E,김미애,2025-08-04,제427회 제3차,출석
MLH1404S,김민석,2025-08-04,제427회 제3차,청가
TCP9838Y,김민전,2025-08-04,제427회 제3차,출석
8Q88373R,김병기,2025-08-04,제427회 제3차,출석
GF286398,김병주,2025-08-04,제427회 제3차,출석
VDN5593C,김상욱,2025-08-04,제427회 제3차,출석
1Y73132H,김상훈,2025-08-04,제427회 제3차,출석
ZYP7962W,김석기,2025-08-04,제427회 제3차,출석
JNL7001A,김선교,2025-08-04,제427회 제3차,출석
7GW5372Y,김선민,2025-08-04,제427회 제3차,출석
9D939735,김성원,2025-08-04,제427회 제3차,출석
XSP20229,김성환,2025-08-04,제427회 제3차,출석
88O1334C,김성회,2025-08-04,제427회 제3차,출석
1SR94244,김소희,2025-08-04,제427회 제3차,출석
5K93695T,김승수,2025-08-04,제427회 제3차,출석
ATB59635,김승원,2025-08-04,제427회 제3차,출석
B7D7534L,김영배,2025-08-04,제427회 제3차,출석
5765663F,김영진,2025-08-04,제427회 제3차,출석
7BM2933Y,김영호,2025-08-04,제427회 제3차,출석
8O34202I,김영환,2025-08-04,제427회 제3차,출석
CNZ51556,김예지,2025-08-04,제427회 제3차,출석
NB64509Z,김용만,2025-08-04,제427회 제3차,출석
OFE45081,김용민,2025-08-04,제427회 제3차,출석
EPI69383,김용태,2025-08-04,제427회 제3차,출석
3UI95829,김우영,2025-08-04,제427회 제3차,출석
4L695580,김원이,2025-08-04,제427회 제3차,출석
LCZ1711I,김위상,2025-08-04,제427회 제3차,출석
5N65159P,김윤,2025-08-04,제427회 제3차,출석
JZY9937U,김윤덕,2025-08-04,제427회 제3차,출석
L5P27909,김은혜,2025-08-04,제427회 제3차,출석
X7E7893P,김장겸,2025-08-04,제427회 제3차,출석
57B28032,김재섭,2025-08-04,제427회 제3차,출석
DMP1439I,김재원,2025-08-04,제427회 제3차,출석
E1J8836Y,김정재,2025-08-04,제427회 제3차,출석
9LD2641Q,김정호,2025-08-04,제427회 제3차,출석
M2Q9024I,김종민,2025-08-04,제427회 제3차,출석
N378078V,김종양,2025-08-04,제427회 제3차,출석
D6U6678O,김주영,2025-08-04,제427회 제3차,출석
YM42715P,김준혁,2025-08-04,제427회 제3차,출석
8A05621B,김준형,2025-08-04,제427회 제3차,출석
1WE5693J,김태년,2025-08-04,제427회 제3차,출석
6WK3815W,김태선,2025-08-04,제427회 제3차,출석
P0F1530P,김태호,2025-08-04,제427회 제3차,결석
NUB4941Z,김한규,2025-08-04,제427회 제3차,출석
7YL9580G,김현,2025-08-04,제427회 제3차,출석
6VC83722,김현정,2025-08-04,제427회 제3차,출석
JEZ3130Q,김형동,2025-08-04,제427회 제3차,출석
HRG9655C,김희정,2025-08-04,제427회 제3차,출석
SLW27496,나경원,2025-08-04,제427회 제3차,출석
04T3751T,남인순,2025-08-04,제427회 제3차,출석
RUZ25800,노종면,2025-08-04,제427회 제3차,출석
FJK3396E,맹성규,2025-08-04,제427회 제3차,출석
J1G57517,모경종,2025-08-04,제427회 제3차,출석
GRP3908I,문금주,2025-08-04,제427회 제3차,출석
D9I3309M,문대림,2025-08-04,제427회 제3차,출석
GOC54665,문정복,2025-08-04,제427회 제3차,출석
4U29186R,문진석,2025-08-04,제427회 제3차,출석
TZ228122,민병덕,2025-08-04,제427회 제3차,출석
VRY5522V,민형배,2025-08-04,제427회 제3차,출석
O6D8329R,민홍철,2025-08-04,제427회 제3차,출석
IWR8966I,박균택,2025-08-04,제427회 제3차,출석
W4X85128,박대출,2025-08-04,제427회 제3차,출석
N4R2421C,박덕흠,2025-08-04,제427회 제3차,출석
M4O5221T,박민규,2025-08-04,제427회 제3차,출석
7R156073,박범계,2025-08-04,제427회 제3차,출석
VA04150X,박상웅,2025-08-04,제427회 제3차,출석
HXT76735,박상혁,2025-08-04,제427회 제3차,출석
VZA76236,박선원,2025-08-04,제427회 제3차,출석
X3170462,박성민,2025-08-04,제427회 제3차,출석
IL74008M,박성준,2025-08-04,제427회 제3차,출석
NX534083,박성훈,2025-08-04,제427회 제3차,출석
Y0X4618N,박수민,2025-08-04,제427회 제3차,출석
FU87526G,박수영,2025-08-04,제427회 제3차,출석
5TQ6306B,박수현,2025-08-04,제427회 제3차,출석
1JI2689F,박용갑,2025-08-04,제427회 제3차,출석
1A82234K,박은정,2025-08-04,제427회 제3차,출석
4019850M,박정,2025-08-04,제427회 제3차,출석
6RD62559,박정하,2025-08-04,제427회 제3차,출석
HVV5250J,박정현,2025-08-04,제427회 제3차,출석
AEJ19639,박정훈,2025-08-04,제427회 제3차,출석
6AU2417B,박주민,2025-08-04,제427회 제3차,출석
G6W8250J,박준태,2025-08-04,제427회 제3차,출석
8BF5855P,박지원,2025-08-04,제427회 제3차,출석
EMH4976E,박지혜,2025-08-04,제427회 제3차,출석
BT62420K,박찬대,2025-08-04,제427회 제3차,출석
GP21946O,박충권,2025-08-04,제427회 제3차,출석
E2B3753X,박해철,2025-08-04,제427회 제3차,출석
6U243644,박형수,2025-08-04,제427회 제3차,출석
S824682L,박홍근,2025-08-04,제427회 제3차,출석
ZW43496R,박홍배,2025-08-04,제427회 제3차,출석
43Q3892U,박희승,2025-08-04,제427회 제3차,출석
QQP4727N,배준영,2025-08-04,제427회 제3차,출석
4X525582,배현진,2025-08-04,제427회 제3차,출석
YN160848,백선희,2025-08-04,제427회 제3차,출석
MDC3257K,백승아,2025-08-04,제427회 제3차,출석
CAA7713A,백종헌,2025-08-04,제427회 제3차,출석
HSS7466Y,백혜련,2025-08-04,제427회 제3차,출석
GJ56729D,복기왕,2025-08-04,제427회 제3차,출석
6I88973D,부승찬,2025-08-04,제427회 제3차,출석
QQ429063,서명옥,2025-08-04,제427회 제3차,출석
51A45980,서미화,2025-08-04,제427회 제3차,출석
L7J93733,서범수,2025-08-04,제427회 제3차,출석
FOK3459D,서삼석,2025-08-04,제427회 제3차,출석
TKJ4800F,서영교,2025-08-04,제427회 제3차,출석
XR24352K,서영석,2025-08-04,제427회 제3차,출석
80C5885Z,서왕진,2025-08-04,제427회 제3차,출석
MR210505,서일준,2025-08-04,제427회 제3차,출석
P7U7800Z,서지영,2025-08-04,제427회 제3차,출석
JP222486,서천호,2025-08-04,제427회 제3차,출석
7XY7109I,성일종,2025-08-04,제427회 제3차,출석
ZDR63255,소병훈,2025-08-04,제427회 제3차,출석
JSA8739I,손명수,2025-08-04,제427회 제3차,출석
2KM3589W,손솔,2025-08-04,제427회 제3차,출석
SQ36001H,송기헌,2025-08-04,제427회 제3차,출석
CNW5754J,송석준,2025-08-04,제427회 제3차,출석
6EN68926,송언석,2025-08-04,제427회 제3차,출석
3249208I,송옥주,2025-08-04,제427회 제3차,출석
RG972910,송재봉,2025-08-04,제427회 제3차,출석
OWD1018N,신동욱,2025-08-04,제427회 제3차,출석
RMC1840P,신성범,2025-08-04,제427회 제3차,출석
AFH96856,신영대,2025-08-04,제427회 제3차,출석
NPD75153,신장식,2025-08-04,제427회 제3차,출석
M7O7878U,신정훈,2025-08-04,제427회 제3차,출석
TST4507I,안규백,2025-08-04,제427회 제3차,출석
EB16073M,안도걸,2025-08-04,제427회 제3차,출석
PYA8594I,안상훈,2025-08-04,제427회 제3차,출석
YOG1280B,안철수,2025-08-04,제427회 제3차,출석
W8L9421K,안태준,2025-08-04,제427회 제3차,출석
XEF29171,안호영,2025-08-04,제427회 제3차,출석
3OQ8273H,양문석,2025-08-04,제427회 제3차,출석
CK143054,양부남,2025-08-04,제427회 제3차,출석
8FB1535Y,어기구,2025-08-04,제427회 제3차,출석
8348421R,엄태영,2025-08-04,제427회 제3차,출석
URX8075K,염태영,2025-08-04,제427회 제3차,출석
OIA3741M,오기형,2025-08-04,제427회 제3차,출석
BRU2690F,오세희,2025-08-04,제427회 제3차,출석
GE71932C,용혜인,2025-08-04,제427회 제3차,출석
XBT9550Q,우원식,2025-08-04,제427회 제3차,출석
8UC4779G,우재준,2025-08-04,제427회 제3차,출석
RQQ3807K,위성곤,2025-08-04,제427회 제3차,출석
GX38539O,유동수,2025-08-04,제427회 제3차,출석
MU69217P,유상범,2025-08-04,제427회 제3차,출석
JZV5283U,유영하,2025-08-04,제427회 제3차,출석
KBK8836C,유용원,2025-08-04,제427회 제3차,출석
GP07421U,윤건영,2025-08-04,제427회 제3차,출석
MSY7784L,윤상현,2025-08-04,제427회 제3차,출석
9VR65006,윤영석,2025-08-04,제427회 제3차,출석
ZRF3039U,윤재옥,2025-08-04,제427회 제3차,출석
MQK9493H,윤종군,2025-08-04,제427회 제3차,출석
3TP65086,윤종오,2025-08-04,제427회 제3차,출석
JC14718Q,윤준병,2025-08-04,제427회 제3차,출석
8X15119P,윤한홍,2025-08-04,제427회 제3차,출석
M0A1658U,윤호중,2025-08-04,제427회 제3차,출석
O7R5461J,윤후덕,2025-08-04,제427회 제3차,출석
AEO5706C,이강일,2025-08-04,제427회 제3차,출석
I7R13867,이개호,2025-08-04,제427회 제3차,출석
7YC6702R,이건태,2025-08-04,제427회 제3차,출석
95J3282H,이광희,2025-08-04,제427회 제3차,출석
W3U3344O,이기헌,2025-08-04,제427회 제3차,출석
ROS6754L,이달희,2025-08-04,제427회 제3차,출석
OSV9142K,이만희,2025-08-04,제427회 제3차,출석
HFV52269,이병진,2025-08-04,제427회 제3차,출석
W8W95421,이상식,2025-08-04,제427회 제3차,출석
8L52480G,이상휘,2025-08-04,제427회 제3차,출석
WXJ8352N,이성권,2025-08-04,제427회 제3차,출석
N2P9317N,이성윤,2025-08-04,제427회 제3차,출석
WTR5885Y,이소영,2025-08-04,제427회 제3차,출석
0R68099X,이수진,2025-08-04,제427회 제3차,출석
S9U45255,이양수,2025-08-04,제427회 제3차,출석
JG77046J,이언주,2025-08-04,제427회 제3차,출석
EBH1101V,이연희,2025-08-04,제427회 제3차,출석
9JF4562W,이용선,2025-08-04,제427회 제3차,출석
6K79158C,이용우,2025-08-04,제427회 제3차,출석
DAV7257X,이원택,2025-08-04,제427회 제3차,출석
DWK26447,이인선,2025-08-04,제427회 제3차,출석
3ZR4438W,이인영,2025-08-04,제427회 제3차,출석
3LP22204,이재강,2025-08-04,제427회 제3차,출석
RKS3658I,이재관,2025-08-04,제427회 제3차,출석
UQ282145,이재정,2025-08-04,제427회 제3차,출석
O0I2045I,이정문,2025-08-04,제427회 제3차,출석
5762459L,이정헌,2025-08-04,제427회 제3차,출석
HSW1214Q,이종배,2025-08-04,제427회 제3차,출석
NLS46526,이종욱,2025-08-04,제427회 제3차,출석
WI719547,이주영,2025-08-04,제427회 제3차,출석
RBM5454A,이주희,2025-08-04,제427회 제3차,출석
QWL7778X,이준석,2025-08-04,제427회 제3차,출석
TZP9391O,이철규,2025-08-04,제427회 제3차,출석
V2R7430Z,이춘석,2025-08-04,제427회 제3차,출석
K5F2023J,이학영,2025-08-04,제427회 제3차,출석
0698755I,이해민,2025-08-04,제427회 제3차,출석
CCU1009B,이해식,2025-08-04,제427회 제3차,출석
EVH1507C,이헌승,2025-08-04,제427회 제3차,출석
2S73768V,이훈기,2025-08-04,제427회 제3차,출석
B7789327,인요한,2025-08-04,제427회 제3차,출석
X639721U,임미애,2025-08-04,제427회 제3차,출석
4T026790,임오경,2025-08-04,제427회 제3차,출석
EH27538E,임이자,2025-08-04,제427회 제3차,출석
RAJ1024Z,임종득,2025-08-04,제427회 제3차,출석
FH777496,임호선,2025-08-04,제427회 제3차,출석
RPN2293B,장경태,2025-08-04,제427회 제3차,출석
KFM1081G,장동혁,2025-08-04,제427회 제3차,출석
CIZ8557P,장종태,2025-08-04,제427회 제3차,출석
2NV6751W,장철민,2025-08-04,제427회 제3차,출석
TJW93720,전용기,2025-08-04,제427회 제3차,출석
9YO73104,전재수,2025-08-04,제427회 제3차,출석
P8A4624C,전종덕,2025-08-04,제427회 제3차,출석
QUR40502,전진숙,2025-08-04,제427회 제3차,출석
25G2571T,전현희,2025-08-04,제427회 제3차,출석
DAY6557K,정동만,2025-08-04,제427회 제3차,출석
ARP89147,정동영,2025-08-04,제427회 제3차,출석
CGW7415Z,정성국,2025-08-04,제427회 제3차,출석
V429892C,정성호,2025-08-04,제427회 제3차,출석
8XE7026P,정연욱,2025-08-04,제427회 제3차,출석
NA61091D,정을호,2025-08-04,제427회 제3차,출석
LT72093S,정일영,2025-08-04,제427회 제3차,출석
LJK4960Z,정점식,2025-08-04,제427회 제3차,출석
IC499858,정준호,2025-08-04,제427회 제3차,출석
9HE7226N,정진욱,2025-08-04,제427회 제3차,출석
2385336L,정청래,2025-08-04,제427회 제3차,출석
XG348314,정춘생,2025-08-04,제427회 제3차,출석
UHB5553T,정태호,2025-08-04,제427회 제3차,출석
BNV6535N,정혜경,2025-08-04,제427회 제3차,출석
PFG2137X,정희용,2025-08-04,제427회 제3차,출석
5KV82250,조경태,2025-08-04,제427회 제3차,출석
8TU8443O,조계원,2025-08-04,제427회 제3차,출석
IWK63872,조배숙,2025-08-04,제427회 제3차,출석
FYI20317,조승래,2025-08-04,제427회 제3차,출석
ME83002L,조승환,2025-08-04,제427회 제3차,출석
MQU41854,조은희,2025-08-04,제427회 제3차,출석
ZKB18611,조인철,2025-08-04,제427회 제3차,출석
IN328264,조정식,2025-08-04,제427회 제3차,출석
WJL30106,조정훈,2025-08-04,제427회 제3차,출석
3NI5978A,조지연,2025-08-04,제427회 제3차,출석
GJK57930,주진우,2025-08-04,제427회 제3차,출석
T465023H,주철현,2025-08-04,제427회 제3차,출석
8SV6917G,주호영,2025-08-04,제427회 제3차,출장
68P7228G,진선미,2025-08-04,제427회 제3차,출석
3C23171A,진성준,2025-08-04,제427회 제3차,출석
QDU1100U,진종오,2025-08-04,제427회 제3차,청가
KNP22261,차규근,2025-08-04,제427회 제3차,출석
RC885085,차지호,2025-08-04,제427회 제3차,출석
1S05899F,채현일,2025-08-04,제427회 제3차,출석
A494529E,천준호,2025-08-04,제427회 제3차,출석
YGB8604T,천하람,2025-08-04,제427회 제3차,출석
I5I2468R,최기상,2025-08-04,제427회 제3차,출석
YS38221N,최민희,2025-08-04,제427회 제3차,출석
UOS16250,최보윤,2025-08-04,제427회 제3차,출석
WJG74792,최수진,2025-08-04,제427회 제3차,출석
UF53617M,최은석,2025-08-04,제427회 제3차,출석
CC78321E,최혁진,2025-08-04,제427회 제3차,출석
A0P4646G,최형두,2025-08-04,제427회 제3차,출석
G152611B,추경호,2025-08-04,제427회 제3차,출석
URV1689Q,추미애,2025-08-04,제427회 제3차,출석
JQA21112,한기호,2025-08-04,제427회 제3차,출석
8JG4358H,한민수,2025-08-04,제427회 제3차,출석
H5476989,한병도,2025-08-04,제427회 제3차,출석
XPP2564T,한정애,2025-08-04,제427회 제3차,출석
BCQ55105,한준호,2025-08-04,제427회 제3차,출석
Q918403D,한지아,2025-08-04,제427회 제3차,출석
T4I4862D,한창민,2025-08-04,제427회 제3차,출석
HHB5652A,허성무,2025-08-04,제427회 제3차,출석
FU53642G,허영,2025-08-04,제427회 제3차,출석
VCP96419,허종식,2025-08-04,제427회 제3차,출석
5MD4184K,홍기원,2025-08-04,제427회 제3차,출석
RJH6314D,황명선,2025-08-04,제427회 제3차,출석
0YT3774N,황운하,2025-08-04,제427회 제3차,출석
T6A6557F,황정아,2025-08-04,제427회 제3차,출석
0VU8517U,황희,2025-08-04,제427회 제3차,출석
