district_id,display_name,sg_id,name_key,note
nec-7af6a730,부산 북구 갑,20200415,부산북구강서구갑,제22대 구역 전체가 제21대 북구강서구 갑 선거구 안
nec-7af6a730,부산 북구 갑,20160413,부산북구강서구갑,제22대 구역 전체가 제20대 북구강서구 갑 선거구 안
nec-d36cc442,부산 강서구,20200415,부산북구강서구을,제22대 구역 전체가 제21대 북구강서구 을 선거구 안
nec-d36cc442,부산 강서구,20160413,부산북구강서구을,제22대 구역 전체가 제20대 북구강서구 을 선거구 안
nec-4d08e1e5,인천 중구강화군옹진군,20160413,인천중구동구강화군옹진군,제22대 구역 전체가 제20대 중구동구강화군옹진군 선거구 안
nec-24f36ef8,인천 동구미추홀구 을,20160413,인천남구을,제22대 구역 전체가 제20대 남구 을 선거구 안
nec-94f20982,인천 서구 병,20200415,인천서구을,제22대 구역 전체가 제21대 서구 을 선거구 안
nec-cfefcb20,세종 세종특별자치시 갑,20160413,세종세종특별자치시,제22대 구역 전체가 제20대 세종특별자치시 선거구 안
nec-f64a675e,경기 동두천시양주시연천군 갑,20200415,경기양주시,제22대 구역 전체가 제21대 양주시 선거구 안
nec-f64a675e,경기 동두천시양주시연천군 갑,20160413,경기양주시,제22대 구역 전체가 제20대 양주시 선거구 안
nec-f8aaaaad,경기 안산시 갑,20200415,경기안산시상록구갑,제22대 구역 전체가 제21대 안산시상록구 갑 선거구 안
nec-f8aaaaad,경기 안산시 갑,20160413,경기안산시상록구갑,제22대 구역 전체가 제20대 안산시상록구 갑 선거구 안
nec-bef89d01,경기 하남시 갑,20200415,경기하남시,제22대 구역 전체가 제21대 하남시 선거구 안
nec-bef89d01,경기 하남시 갑,20160413,경기하남시,제22대 구역 전체가 제20대 하남시 선거구 안
nec-6e70ed6d,경기 하남시 을,20200415,경기하남시,제22대 구역 전체가 제21대 하남시 선거구 안
nec-6e70ed6d,경기 하남시 을,20160413,경기하남시,제22대 구역 전체가 제20대 하남시 선거구 안
nec-583a7e8c,강원 춘천시철원군화천군양구군 갑,20160413,강원춘천시,제22대 구역 전체가 제20대 춘천시 선거구 안
nec-906bc466,전북 군산시김제시부안군 갑,20200415,전북군산시,제22대 구역 전체가 제21대 군산시 선거구 안
nec-906bc466,전북 군산시김제시부안군 갑,20160413,전북군산시,제22대 구역 전체가 제20대 군산시 선거구 안
nec-1b0e7e35,전북 완주군진안군무주군,20200415,전북완주군진안군무주군장수군,제22대 구역 전체가 제21대 완주군진안군무주군장수군 선거구 안
nec-1b0e7e35,전북 완주군진안군무주군,20160413,전북완주군진안군무주군장수군,제22대 구역 전체가 제20대 완주군진안군무주군장수군 선거구 안
nec-4d55128d,전남 순천시광양시곡성군구례군 갑,20160413,전남순천시,제22대 구역 전체가 제20대 순천시 선거구 안
nec-958a0a8d,경북 영주시영양군봉화군,20200415,경북영주시영양군봉화군울진군,제22대 구역 전체가 제21대 영주시영양군봉화군울진군 선거구 안
